run_id,k,sim_threshold,n_docs,n_clusters_all,n_singletons,singleton_share,max_cluster_size,median_cluster_size,p95_cluster_size,top10_share,silhouette,davies_bouldin,svd_explained_sum,dbi_note
6155613e-ef6f-48b8-8e3e-f0f95f314350,10,0.7,39142,28198,24927,0.6368351131776608,615,1.0,2.0,0.04872004496448827,0.10212292522192001,1.2297554915837758,0.25933098793029785,"DBI computed on subset (min_size=5, topK=400)"
6155613e-ef6f-48b8-8e3e-f0f95f314350,20,0.7,39142,28196,24927,0.6368351131776608,711,1.0,2.0,0.05160696949568239,0.10119178891181946,1.244167531383851,0.25933098793029785,"DBI computed on subset (min_size=5, topK=400)"
6155613e-ef6f-48b8-8e3e-f0f95f314350,25,0.7,39142,28196,24927,0.6368351131776608,711,1.0,2.0,0.05160696949568239,0.10119178891181946,1.244167531383851,0.25933098793029785,"DBI computed on subset (min_size=5, topK=400)"
6155613e-ef6f-48b8-8e3e-f0f95f314350,30,0.7,39142,28195,24927,0.6368351131776608,711,1.0,2.0,0.05160696949568239,0.10028953850269318,1.2446429843778142,0.25933098793029785,"DBI computed on subset (min_size=5, topK=400)"
