run_id,k,sim_threshold,n_docs,n_clusters_all,n_singletons,singleton_share,max_cluster_size,median_cluster_size,p95_cluster_size,top10_share,silhouette,davies_bouldin,svd_explained_sum,dbi_note
6155613e-ef6f-48b8-8e3e-f0f95f314350,10,0.8,39142,31740,28971,0.740151244187829,118,1.0,2.0,0.02245669613203209,0.07680105417966843,0.7921597885845644,0.25933098793029785,"DBI computed on subset (min_size=5, topK=400)"
6155613e-ef6f-48b8-8e3e-f0f95f314350,20,0.8,39142,31737,28971,0.740151244187829,118,1.0,2.0,0.023120944254253744,0.07710371166467667,0.7894863969317152,0.25933098793029785,"DBI computed on subset (min_size=5, topK=400)"
6155613e-ef6f-48b8-8e3e-f0f95f314350,25,0.8,39142,31737,28971,0.740151244187829,118,1.0,2.0,0.023120944254253744,0.07710371166467667,0.7894863969317152,0.25933098793029785,"DBI computed on subset (min_size=5, topK=400)"
6155613e-ef6f-48b8-8e3e-f0f95f314350,30,0.8,39142,31737,28971,0.740151244187829,118,1.0,2.0,0.023120944254253744,0.07710371166467667,0.7894863969317152,0.25933098793029785,"DBI computed on subset (min_size=5, topK=400)"
